#,IQM,AVG
1,0.5516,0.545433
2,0.519,0.515759
3,0.5344,0.525999
4,0.5068,0.5089
5,0.4836,0.4788743
6,0.4852,0.484877
7,0.5424,0.532338
8,0.5064,0.515004
9,0.4442,0.460144
10,0.4762,0.4801327
11,0.5136,0.504708
12,0.5354,0.529917
13,0.5064,0.49588
14,0.5764,0.56084
15,0.471,0.488745
