#,IQM,AVG
1,0.4964,0.500756
2,0.5178,0.5109813
3,0.4642,0.486654
4,0.492,0.495145
5,0.5282,0.523282
6,0.523,0.524698
7,0.4712,0.478633
8,0.487,0.492524
9,0.447,0.4602
10,0.5794,0.557537
11,0.5084,0.507603
12,0.4394,0.456028
13,0.5552,0.52701
14,0.4826,0.489184
15,0.4978,0.501102
