#,IQM,AVG
1,0.4614,0.4644
2,0.4418,0.4627
3,0.491,0.500694
4,0.5574,0.5415
5,0.4524,0.457649
6,0.5214,0.5159399
7,0.536,0.519864
8,0.4432,0.459356
9,0.457,0.4761
10,0.5828,0.5544
11,0.4378,0.460564
12,0.5624,0.534322
13,0.4922,0.5064438
14,0.4832,0.481849
15,0.4688,0.460821
